,episode_length
0,18
1,13
2,24
3,9
4,21
5,15
6,20
7,14
8,14
9,9
10,11
11,9
12,10
13,9
14,9
15,8
16,10
17,12
18,9
19,9
20,9
21,9
22,9
23,10
24,9
25,9
26,9
27,9
28,8
29,20
30,21
31,13
32,11
33,13
34,17
35,97
36,73
37,21
38,59
39,71
40,21
41,59
42,214
43,25
44,302
45,70
46,177
47,80
48,56
49,140
50,126
51,81
52,204
53,341
54,145
55,153
56,197
57,91
58,318
59,624
60,573
61,461
62,678
63,547
64,437
65,588
66,423
67,538
68,515
69,430
70,422
71,1000
72,471
73,572
74,923
75,897
76,1000
77,1000
78,1000
79,951
80,1000
81,1000
82,1000
83,1000
84,1000
85,1000
86,1000
87,1000
88,1000
89,1000
90,1000
91,1000
92,1000
93,1000
94,1000
95,238
96,1000
97,1000
98,1000
99,277
100,1000
101,1000
102,318
103,1000
104,1000
105,1000
106,271
107,1000
108,1000
109,1000
110,1000
111,1000
112,1000
113,1000
114,1000
115,279
116,1000
117,257
118,1000
119,312
120,789
121,1000
122,1000
123,227
124,1000
125,1000
126,1000
127,311
128,1000
129,1000
130,1000
131,1000
132,1000
133,244
134,1000
135,261
136,1000
137,1000
138,1000
139,1000
140,1000
141,1000
142,415
143,218
144,1000
145,1000
146,1000
147,1000
148,1000
149,1000
150,267
151,1000
152,309
153,1000
154,287
155,1000
156,269
157,1000
158,288
159,1000
160,1000
161,1000
162,1000
163,1000
164,1000
165,1000
166,1000
167,1000
168,1000
169,1000
170,246
171,1000
172,1000
173,1000
174,1000
175,1000
176,1000
177,1000
178,1000
179,1000
180,1000
181,1000
182,1000
183,1000
184,309
185,1000
186,1000
187,267
188,1000
189,1000
190,1000
191,1000
192,1000
193,320
194,1000
195,1000
196,1000
197,1000
198,1000
199,1000
200,1000
201,1000
202,273
203,1000
204,1000
205,1000
206,507
207,1000
208,1000
209,1000
210,1000
211,1000
212,1000
213,1000
214,1000
215,1000
216,1000
217,1000
218,1000
219,1000
220,1000
221,1000
222,1000
223,1000
224,1000
225,1000
226,1000
227,1000
228,1000
229,1000
230,1000
231,1000
232,1000
233,1000
234,1000
235,1000
236,337
237,1000
238,1000
239,1000
240,562
241,1000
242,1000
243,1000
244,1000
245,1000
246,1000
247,1000
248,704
249,1000
250,1000
251,1000
252,1000
253,1000
254,1000
255,1000
256,456
257,1000
258,1000
259,1000
260,1000
261,1000
262,1000
263,1000
264,347
265,1000
266,1000
267,1000
268,1000
269,1000
270,1000
271,1000
272,1000
273,1000
274,1000
275,1000
276,1000
277,735
278,1000
279,1000
280,1000
281,1000
282,1000
283,1000
284,1000
285,1000
286,1000
287,1000
288,1000
289,1000
290,1000
291,1000
292,1000
293,674
294,1000
295,1000
296,1000
297,1000
298,1000
299,1000
300,1000
301,1000
302,586
303,591
304,1000
305,965
306,1000
307,1000
308,1000
309,1000
310,1000
311,1000
312,1000
313,1000
314,1000
315,1000
316,1000
317,1000
318,468
319,1000
320,1000
321,1000
322,637
323,1000
324,1000
325,1000
326,855
327,1000
328,1000
329,1000
330,1000
331,1000
332,1000
333,1000
334,1000
335,1000
336,1000
337,1000
338,1000
339,547
340,1000
341,1000
342,594
343,349
344,1000
345,1000
346,1000
347,1000
348,1000
349,512
350,1000
351,1000
352,1000
353,1000
354,1000
355,1000
356,1000
357,1000
358,1000
359,1000
360,1000
361,1000
362,1000
363,1000
364,1000
365,1000
366,1000
367,1000
368,1000
369,1000
370,1000
371,1000
372,699
373,1000
374,1000
375,1000
376,1000
377,1000
378,617
379,1000
380,1000
381,1000
382,1000
383,1000
384,1000
385,1000
386,858
387,994
388,1000
389,1000
390,1000
391,1000
392,1000
393,1000
394,1000
395,1000
396,1000
397,1000
398,1000
399,1000
400,1000
401,1000
402,1000
403,1000
404,1000
405,1000
406,1000
407,1000
408,1000
409,1000
410,1000
411,1000
412,1000
413,1000
414,1000
415,1000
416,1000
417,1000
418,1000
419,1000
420,1000
421,1000
422,1000
423,1000
424,930
425,1000
426,1000
427,1000
428,1000
429,1000
430,1000
431,1000
432,1000
433,1000
434,1000
435,1000
436,1000
437,1000
438,1000
439,648
440,1000
441,1000
442,1000
443,1000
444,1000
445,1000
446,562
447,1000
448,1000
449,1000
450,1000
451,1000
452,1000
453,1000
454,1000
455,1000
456,1000
457,388
458,1000
459,1000
460,1000
461,1000
462,1000
463,1000
464,1000
465,1000
466,1000
467,1000
468,1000
469,1000
470,1000
471,1000
472,1000
473,1000
474,1000
475,1000
476,1000
477,1000
478,1000
479,1000
480,1000
481,1000
482,1000
483,1000
484,1000
485,1000
486,1000
487,1000
488,1000
489,1000
490,1000
491,947
492,1000
493,1000
494,1000
495,1000
496,1000
497,1000
498,1000
499,1000
